{
  "generated": "2025-10-15",
  "files": [
    {
      "path": "INDEX.md",
      "bytes": 1198,
      "sha256": "73cf8f239435151a0b6b602056e0789d2008f47bf4749d9677054c65d613bd7b",
      "kind": "markdown",
      "has_front_matter": false,
      "has_acceptance": false,
      "has_observability": true,
      "has_promotion_gates": false,
      "has_events_namespace": false,
      "manifest_match": true
    },
    {
      "path": "MANIFEST-BATCH1.json",
      "bytes": 2137,
      "sha256": "6f988511b9c3dab1ed592723859b35174d1d334efed6cd5fd4011f263e4e77bf",
      "kind": "json",
      "has_front_matter": false,
      "has_acceptance": false,
      "has_observability": false,
      "has_promotion_gates": false,
      "has_events_namespace": false,
      "manifest_match": true
    },
    {
      "path": "MANIFEST.json",
      "bytes": 24594,
      "sha256": "e64509a22539a6a698006229909bd2e2048361f79d9d92c606e0602a841d3f6f",
      "kind": "json",
      "has_front_matter": false,
      "has_acceptance": false,
      "has_observability": false,
      "has_promotion_gates": false,
      "has_events_namespace": false,
      "manifest_match": false
    },
    {
      "path": "batch1-core/1-mod/CAMERA_AND_NAVIGATION.md",
      "bytes": 1352,
      "sha256": "20ee73febd935e32570182af0832405689f105d96ccda1e6b5de8729d7b52cd1",
      "kind": "markdown",
      "has_front_matter": true,
      "has_acceptance": true,
      "has_observability": true,
      "has_promotion_gates": true,
      "has_events_namespace": true,
      "manifest_match": true
    },
    {
      "path": "batch1-core/1-mod/LAYER_API.md",
      "bytes": 3149,
      "sha256": "7f2e82e8af7da14cd3007d618021521c648b228716c7ad8fda7cd161c24dc174",
      "kind": "markdown",
      "has_front_matter": true,
      "has_acceptance": true,
      "has_observability": true,
      "has_promotion_gates": true,
      "has_events_namespace": true,
      "manifest_match": true
    },
    {
      "path": "batch1-core/1-mod/MATERIAL_AND_STYLE_ENGINE.md",
      "bytes": 1761,
      "sha256": "07728e88b8cb83ade2b23c2deaedf8d9fe0f78e1145154f9a0dc958a810b3054",
      "kind": "markdown",
      "has_front_matter": true,
      "has_acceptance": true,
      "has_observability": true,
      "has_promotion_gates": true,
      "has_events_namespace": true,
      "manifest_match": true
    },
    {
      "path": "batch1-core/1-mod/PICKING_AND_SELECTION.md",
      "bytes": 1685,
      "sha256": "4bfb019fe26ed813dba067012670cb9af80aa790f1cbacf09cc836084a4f917e",
      "kind": "markdown",
      "has_front_matter": true,
      "has_acceptance": true,
      "has_observability": true,
      "has_promotion_gates": true,
      "has_events_namespace": true,
      "manifest_match": true
    },
    {
      "path": "batch1-core/1-mod/RENDER_CORE_ADAPTER.md",
      "bytes": 2065,
      "sha256": "ce417ac552ba988ea31d782db707c626a4d198528b3e3930e530752f1ab2793c",
      "kind": "markdown",
      "has_front_matter": true,
      "has_acceptance": true,
      "has_observability": true,
      "has_promotion_gates": true,
      "has_events_namespace": true,
      "manifest_match": true
    },
    {
      "path": "batch1-core/1-mod/SCENE_GRAPH_AND_DEPENDENCIES.md",
      "bytes": 1711,
      "sha256": "3f169f69af7bb7810e80da8796dddd825c832c5fba688cfe4d97c36e7ea069d4",
      "kind": "markdown",
      "has_front_matter": true,
      "has_acceptance": true,
      "has_observability": true,
      "has_promotion_gates": true,
      "has_events_namespace": true,
      "manifest_match": true
    },
    {
      "path": "batch1-core/1-mod/TRANSFORM_AND_CRS_SERVICE.md",
      "bytes": 1523,
      "sha256": "526a831ebf0d9941e87c489829a42f192001b1db0332a6f0ec5ad243d611dfab",
      "kind": "markdown",
      "has_front_matter": true,
      "has_acceptance": true,
      "has_observability": true,
      "has_promotion_gates": true,
      "has_events_namespace": true,
      "manifest_match": true
    },
    {
      "path": "batch1-core/2-scf/APP_SHELL_ELECTRON.md",
      "bytes": 1310,
      "sha256": "f218b74e55e06eb8bd6560fe16c997bd17efa79a6ab2ef8617fca483e3a4d4d3",
      "kind": "markdown",
      "has_front_matter": true,
      "has_acceptance": true,
      "has_observability": true,
      "has_promotion_gates": true,
      "has_events_namespace": true,
      "manifest_match": true
    },
    {
      "path": "batch1-core/2-scf/PANEL_LAYOUT.md",
      "bytes": 1224,
      "sha256": "1a65eff6de48edfb8e058b91b3739e827e8f798d62548a1ce5ac51deb7681ed2",
      "kind": "markdown",
      "has_front_matter": true,
      "has_acceptance": true,
      "has_observability": true,
      "has_promotion_gates": true,
      "has_events_namespace": true,
      "manifest_match": true
    },
    {
      "path": "batch1-core/BATCH1_CHECKLIST.md",
      "bytes": 561,
      "sha256": "2eca3655a96476e52aaf41aa9c80dfe0c7a4c5d918be2e31b2fc2175b1b65d4f",
      "kind": "markdown",
      "has_front_matter": false,
      "has_acceptance": true,
      "has_observability": false,
      "has_promotion_gates": false,
      "has_events_namespace": false,
      "manifest_match": true
    },
    {
      "path": "batch1-core/IMPLEMENTATION_REPORT.md",
      "bytes": 1386,
      "sha256": "926bb7f52a42849abd9e1b0e2cb24a0cfd9c74ce31566bf4dc0274f808e39881",
      "kind": "markdown",
      "has_front_matter": true,
      "has_acceptance": true,
      "has_observability": true,
      "has_promotion_gates": true,
      "has_events_namespace": true,
      "manifest_match": true
    },
    {
      "path": "batch1-core/README.md",
      "bytes": 628,
      "sha256": "54206e0e7bc873ea3280451ea4948d883fb0d07df3bf3f72cd17430d6af69cde",
      "kind": "markdown",
      "has_front_matter": false,
      "has_acceptance": false,
      "has_observability": false,
      "has_promotion_gates": false,
      "has_events_namespace": false,
      "manifest_match": true
    },
    {
      "path": "batch10-build-test-release-docs/5-ops/BENCHMARKS_AND_GATES.md",
      "bytes": 1714,
      "sha256": "a2e2e38f6de2dd57ed13c66992a7cddc5af97085041bfde12b65dad2e9f21b8c",
      "kind": "markdown",
      "has_front_matter": true,
      "has_acceptance": true,
      "has_observability": true,
      "has_promotion_gates": true,
      "has_events_namespace": true,
      "manifest_match": true
    },
    {
      "path": "batch10-build-test-release-docs/5-ops/BUILD_AND_SIGNING.md",
      "bytes": 2472,
      "sha256": "ce58e03d49056047901339cb0fb4ad59787251153a01fa7730b0a992185b7691",
      "kind": "markdown",
      "has_front_matter": true,
      "has_acceptance": true,
      "has_observability": true,
      "has_promotion_gates": true,
      "has_events_namespace": true,
      "manifest_match": true
    },
    {
      "path": "batch10-build-test-release-docs/5-ops/CI_CD_PIPELINE.md",
      "bytes": 1925,
      "sha256": "79f52c4767bc168aafd88576b3f705265d1a0f1935fd8ec5c0fb2183e9a24c86",
      "kind": "markdown",
      "has_front_matter": true,
      "has_acceptance": true,
      "has_observability": true,
      "has_promotion_gates": true,
      "has_events_namespace": true,
      "manifest_match": true
    },
    {
      "path": "batch10-build-test-release-docs/5-ops/DOCUMENTATION_PLAN.md",
      "bytes": 1616,
      "sha256": "18e14a6641156b02e96183963fc98fb3536a0c43da3436a5e4fd165d667023f6",
      "kind": "markdown",
      "has_front_matter": true,
      "has_acceptance": true,
      "has_observability": true,
      "has_promotion_gates": true,
      "has_events_namespace": true,
      "manifest_match": true
    },
    {
      "path": "batch10-build-test-release-docs/5-ops/PACKAGING_AND_RELEASES.md",
      "bytes": 1796,
      "sha256": "d6b5faee5befa6c9245f50b51227593fc8d8d4badf17427cacf3ef3890700dea",
      "kind": "markdown",
      "has_front_matter": true,
      "has_acceptance": true,
      "has_observability": true,
      "has_promotion_gates": true,
      "has_events_namespace": true,
      "manifest_match": true
    },
    {
      "path": "batch10-build-test-release-docs/5-ops/SUPPORT_MATRIX.md",
      "bytes": 1488,
      "sha256": "18d80286cc3f4c7515eb8b0ad6825bff61185d17974751fe60434a5b892c9b3f",
      "kind": "markdown",
      "has_front_matter": true,
      "has_acceptance": true,
      "has_observability": true,
      "has_promotion_gates": true,
      "has_events_namespace": true,
      "manifest_match": true
    },
    {
      "path": "batch10-build-test-release-docs/5-ops/TEST_STRATEGY.md",
      "bytes": 1793,
      "sha256": "f20cdd9add38972e84caf5b3cd111a954f74d7c3371eda943e817113d5b7a2c6",
      "kind": "markdown",
      "has_front_matter": true,
      "has_acceptance": true,
      "has_observability": true,
      "has_promotion_gates": true,
      "has_events_namespace": true,
      "manifest_match": true
    },
    {
      "path": "batch10-build-test-release-docs/IMPLEMENTATION_REPORT.md",
      "bytes": 2007,
      "sha256": "71255e090cb4ffc996b228745151583ae508e2d95bc36438ffc6d05f8527b1d2",
      "kind": "markdown",
      "has_front_matter": true,
      "has_acceptance": true,
      "has_observability": true,
      "has_promotion_gates": false,
      "has_events_namespace": false,
      "manifest_match": true
    },
    {
      "path": "batch10-build-test-release-docs/README.md",
      "bytes": 638,
      "sha256": "4040ecf6607b9ba4716e24dda46fd6aef05841d8f1f1ec64fdd26deeb20b1b83",
      "kind": "markdown",
      "has_front_matter": false,
      "has_acceptance": true,
      "has_observability": false,
      "has_promotion_gates": false,
      "has_events_namespace": false,
      "manifest_match": true
    },
    {
      "path": "batch11-scripting-extensibility/1-mod/PLUGIN_MODEL.md",
      "bytes": 3041,
      "sha256": "24a1b8b9c45002a4595dab58b48d609cff3bff40f47849c14036ba24291afd00",
      "kind": "markdown",
      "has_front_matter": true,
      "has_acceptance": true,
      "has_observability": true,
      "has_promotion_gates": true,
      "has_events_namespace": true,
      "manifest_match": true
    },
    {
      "path": "batch11-scripting-extensibility/1-mod/PYTHON_BRIDGE.md",
      "bytes": 1734,
      "sha256": "c47912bca81214273f35aeca60a1ae672637946485bb5972d235e4ce0f9a5dac",
      "kind": "markdown",
      "has_front_matter": true,
      "has_acceptance": true,
      "has_observability": true,
      "has_promotion_gates": true,
      "has_events_namespace": true,
      "manifest_match": true
    },
    {
      "path": "batch11-scripting-extensibility/1-mod/SCRIPTING_ENGINE_JS.md",
      "bytes": 3327,
      "sha256": "c2fed28db6f6e2723d06ca8a5381b1cc73c38ca26466faa72a85f247220bc554",
      "kind": "markdown",
      "has_front_matter": true,
      "has_acceptance": true,
      "has_observability": true,
      "has_promotion_gates": true,
      "has_events_namespace": true,
      "manifest_match": true
    },
    {
      "path": "batch11-scripting-extensibility/3-cfg/SCRIPTING_POLICY.md",
      "bytes": 1925,
      "sha256": "44ed127bcee1e985ed863f028eb80d7c8a1300f7a4b2cf8f75db8cef3eeb2c4c",
      "kind": "markdown",
      "has_front_matter": true,
      "has_acceptance": true,
      "has_observability": true,
      "has_promotion_gates": true,
      "has_events_namespace": true,
      "manifest_match": true
    },
    {
      "path": "batch11-scripting-extensibility/IMPLEMENTATION_REPORT.md",
      "bytes": 1663,
      "sha256": "98254e576104419ef9de17253ca5ca625cba89c702f6883e931f13696f3b4cac",
      "kind": "markdown",
      "has_front_matter": true,
      "has_acceptance": true,
      "has_observability": true,
      "has_promotion_gates": false,
      "has_events_namespace": false,
      "manifest_match": true
    },
    {
      "path": "batch11-scripting-extensibility/README.md",
      "bytes": 588,
      "sha256": "bf4eb3ca725097acc6a3e1ccf7f495bb707de7233841ee4b4aea0be6b6167469",
      "kind": "markdown",
      "has_front_matter": false,
      "has_acceptance": true,
      "has_observability": false,
      "has_promotion_gates": false,
      "has_events_namespace": false,
      "manifest_match": true
    },
    {
      "path": "batch12-context-integration/1-mod/ERROR_HANDLING_AND_RECOVERY.md",
      "bytes": 1540,
      "sha256": "993c28b4cc5d5c617b448e451f33399547a7a86a26e6b77d14c522ab818aee79",
      "kind": "markdown",
      "has_front_matter": true,
      "has_acceptance": true,
      "has_observability": true,
      "has_promotion_gates": true,
      "has_events_namespace": true,
      "manifest_match": true
    },
    {
      "path": "batch12-context-integration/1-mod/SEARCH_AND_COMMANDS_INDEX.md",
      "bytes": 1625,
      "sha256": "91113273f43e7bba06929755939e4a6ce7fce86d771cfdde92cffd2bd8200ace",
      "kind": "markdown",
      "has_front_matter": true,
      "has_acceptance": true,
      "has_observability": true,
      "has_promotion_gates": true,
      "has_events_namespace": true,
      "manifest_match": true
    },
    {
      "path": "batch12-context-integration/1-mod/SESSION_AND_AUTOSAVE.md",
      "bytes": 1584,
      "sha256": "f6135b44f4fbdf17e7128a41c9880f8afbda6ade127c887498e74ad52cc294a5",
      "kind": "markdown",
      "has_front_matter": true,
      "has_acceptance": true,
      "has_observability": true,
      "has_promotion_gates": true,
      "has_events_namespace": true,
      "manifest_match": true
    },
    {
      "path": "batch12-context-integration/2-scf/FILE_EXPLORER_AND_RECENTS.md",
      "bytes": 1661,
      "sha256": "6a726fc60a899ca504fc5bc272e6164f424ad0d4ab6b2ce5e042fb05b65edaac",
      "kind": "markdown",
      "has_front_matter": true,
      "has_acceptance": true,
      "has_observability": true,
      "has_promotion_gates": true,
      "has_events_namespace": true,
      "manifest_match": true
    },
    {
      "path": "batch12-context-integration/2-scf/KEYMAP_AND_SHORTCUTS_GUIDE.md",
      "bytes": 1273,
      "sha256": "e3900db7148d63f5023086c80d41e46f8c62a4f47eb88e86ecab6fa3bf539a98",
      "kind": "markdown",
      "has_front_matter": true,
      "has_acceptance": true,
      "has_observability": true,
      "has_promotion_gates": true,
      "has_events_namespace": true,
      "manifest_match": true
    },
    {
      "path": "batch12-context-integration/2-scf/ONBOARDING_AND_HELP.md",
      "bytes": 1593,
      "sha256": "25d9c0462129e9110ae6bbc376f6ae7f5332da96fec37b9fb64df94f813dce41",
      "kind": "markdown",
      "has_front_matter": true,
      "has_acceptance": true,
      "has_observability": true,
      "has_promotion_gates": true,
      "has_events_namespace": true,
      "manifest_match": true
    },
    {
      "path": "batch12-context-integration/2-scf/PROJECT_HUB.md",
      "bytes": 1417,
      "sha256": "611f78b0653ef3704993df2eaf50824a6491daf38133f1dfe0bf50ddef5989bd",
      "kind": "markdown",
      "has_front_matter": true,
      "has_acceptance": true,
      "has_observability": true,
      "has_promotion_gates": true,
      "has_events_namespace": true,
      "manifest_match": true
    },
    {
      "path": "batch12-context-integration/3-cfg/CONSENT_AND_PRIVACY_PREFERENCES.md",
      "bytes": 1463,
      "sha256": "24616992338f6dadacdf4ba9b793b904ffdf9dd38a3daa95950c81ad5a0b2d1d",
      "kind": "markdown",
      "has_front_matter": true,
      "has_acceptance": true,
      "has_observability": true,
      "has_promotion_gates": true,
      "has_events_namespace": true,
      "manifest_match": true
    },
    {
      "path": "batch12-context-integration/3-cfg/URL_HANDLERS_AND_OS_INTEGRATIONS.md",
      "bytes": 1587,
      "sha256": "cd40e7ae916f9ccb9d2cbf50831f568b13bb94c166947d53e59f3d609af46c2c",
      "kind": "markdown",
      "has_front_matter": true,
      "has_acceptance": true,
      "has_observability": true,
      "has_promotion_gates": true,
      "has_events_namespace": true,
      "manifest_match": true
    },
    {
      "path": "batch12-context-integration/5-ops/SUPPORT_AND_FEEDBACK_LOOP.md",
      "bytes": 1604,
      "sha256": "2e62b59a32e90826a8c5c82b8ad689bd728843900d87ab4ebac169b6713e336d",
      "kind": "markdown",
      "has_front_matter": true,
      "has_acceptance": true,
      "has_observability": true,
      "has_promotion_gates": true,
      "has_events_namespace": true,
      "manifest_match": true
    },
    {
      "path": "batch12-context-integration/IMPLEMENTATION_REPORT.md",
      "bytes": 2243,
      "sha256": "6b6494603ad2f736b546d99f9e91e7775f78e46cf718b9bae08a20da1e798c66",
      "kind": "markdown",
      "has_front_matter": true,
      "has_acceptance": true,
      "has_observability": true,
      "has_promotion_gates": false,
      "has_events_namespace": false,
      "manifest_match": true
    },
    {
      "path": "batch12-context-integration/README.md",
      "bytes": 841,
      "sha256": "3e3368cbbbd6a1d42bc2e50166c2ea8830871d16b4e5aaea7771f33d9926c027",
      "kind": "markdown",
      "has_front_matter": false,
      "has_acceptance": true,
      "has_observability": false,
      "has_promotion_gates": false,
      "has_events_namespace": false,
      "manifest_match": true
    },
    {
      "path": "batch13-agentic-localbrain/1-mod/ACTION_SCHEMA.md",
      "bytes": 2221,
      "sha256": "6f7af41465e66a149f08adcdd8f5b675142fcf94193be22f2c08dbb6fd9a3766",
      "kind": "markdown",
      "has_front_matter": true,
      "has_acceptance": true,
      "has_observability": true,
      "has_promotion_gates": true,
      "has_events_namespace": true,
      "manifest_match": true
    },
    {
      "path": "batch13-agentic-localbrain/1-mod/AGENT_BRIDGE.md",
      "bytes": 1902,
      "sha256": "424b5ceb7e4b1a3801eac0b14fac845c40af3c6de4470df47e5fd5f98496e8e1",
      "kind": "markdown",
      "has_front_matter": true,
      "has_acceptance": true,
      "has_observability": true,
      "has_promotion_gates": true,
      "has_events_namespace": true,
      "manifest_match": true
    },
    {
      "path": "batch13-agentic-localbrain/1-mod/AGENT_ORCHESTRATOR.md",
      "bytes": 1497,
      "sha256": "9b66fb0e92c9e8272eca8d9215ebe73a4dda7d2a85e21674a15988de6ba0fbc2",
      "kind": "markdown",
      "has_front_matter": true,
      "has_acceptance": true,
      "has_observability": true,
      "has_promotion_gates": true,
      "has_events_namespace": true,
      "manifest_match": true
    },
    {
      "path": "batch13-agentic-localbrain/1-mod/AGENT_PERCEPTION.md",
      "bytes": 1677,
      "sha256": "6e5812052bc52bcd95459f6bc1a2c088bc2edeca472d803010dcbb4318e6ce96",
      "kind": "markdown",
      "has_front_matter": true,
      "has_acceptance": true,
      "has_observability": true,
      "has_promotion_gates": true,
      "has_events_namespace": true,
      "manifest_match": true
    },
    {
      "path": "batch13-agentic-localbrain/2-scf/ABYSSAL_CANVAS.md",
      "bytes": 1585,
      "sha256": "1cf68fc35bce3db6b080d03169c5b45424ed7bb3509657b36311d18072465b07",
      "kind": "markdown",
      "has_front_matter": true,
      "has_acceptance": true,
      "has_observability": true,
      "has_promotion_gates": true,
      "has_events_namespace": true,
      "manifest_match": true
    },
    {
      "path": "batch13-agentic-localbrain/2-scf/VOICE_UI.md",
      "bytes": 1544,
      "sha256": "1ba9d25a8fd0db51c34f52af26453a088d53b1d49f3ca1b79b0c0603adcdc1e0",
      "kind": "markdown",
      "has_front_matter": true,
      "has_acceptance": true,
      "has_observability": true,
      "has_promotion_gates": true,
      "has_events_namespace": true,
      "manifest_match": true
    },
    {
      "path": "batch13-agentic-localbrain/2-scf/WIDGET_SYSTEM.md",
      "bytes": 1560,
      "sha256": "ed024da480d342fe6357aaa8d577523465c9a7e3d767c4a11cb6fe3057ee7a56",
      "kind": "markdown",
      "has_front_matter": true,
      "has_acceptance": true,
      "has_observability": true,
      "has_promotion_gates": true,
      "has_events_namespace": true,
      "manifest_match": true
    },
    {
      "path": "batch13-agentic-localbrain/3-cfg/AGENT_POLICY.md",
      "bytes": 1476,
      "sha256": "68f4faeb9de734da7052b71bc9310869655c57b1700617a69ede07a88236eee7",
      "kind": "markdown",
      "has_front_matter": true,
      "has_acceptance": true,
      "has_observability": true,
      "has_promotion_gates": true,
      "has_events_namespace": true,
      "manifest_match": true
    },
    {
      "path": "batch13-agentic-localbrain/3-cfg/WIDGET_LAYOUT_RULES.md",
      "bytes": 1290,
      "sha256": "aa83a9209f96467f87fea367e628923936a3a6dc42e5e4abe7059b5b43b052f3",
      "kind": "markdown",
      "has_front_matter": true,
      "has_acceptance": true,
      "has_observability": true,
      "has_promotion_gates": true,
      "has_events_namespace": true,
      "manifest_match": true
    },
    {
      "path": "batch13-agentic-localbrain/5-ops/AGENT_TEST_PLAN.md",
      "bytes": 1402,
      "sha256": "cad8222e2fe7008f442ef7c39b7709bc2c75317752c76ea4dc0c50f6f358a5a8",
      "kind": "markdown",
      "has_front_matter": true,
      "has_acceptance": true,
      "has_observability": true,
      "has_promotion_gates": true,
      "has_events_namespace": true,
      "manifest_match": true
    },
    {
      "path": "batch13-agentic-localbrain/IMPLEMENTATION_REPORT.md",
      "bytes": 2204,
      "sha256": "ed8968c2e86f8a52c056e9e2ef7598361905106a7b56f4ca2c5efdedfc28f2f3",
      "kind": "markdown",
      "has_front_matter": true,
      "has_acceptance": true,
      "has_observability": true,
      "has_promotion_gates": false,
      "has_events_namespace": false,
      "manifest_match": true
    },
    {
      "path": "batch13-agentic-localbrain/README.md",
      "bytes": 824,
      "sha256": "899549afb88276305d158f7abdb29ab8037aae64b2d9e8104e28c487233a51b6",
      "kind": "markdown",
      "has_front_matter": false,
      "has_acceptance": true,
      "has_observability": false,
      "has_promotion_gates": false,
      "has_events_namespace": false,
      "manifest_match": true
    },
    {
      "path": "batch13-ai-control-plane/1-mod/AI_CONTROL_PLANE.md",
      "bytes": 1946,
      "sha256": "50d88574ba8ddfc28ada6aa690ccdfcabb6f95c055daa4260ea82eac5ec833cd",
      "kind": "markdown",
      "has_front_matter": true,
      "has_acceptance": true,
      "has_observability": true,
      "has_promotion_gates": true,
      "has_events_namespace": true,
      "manifest_match": true
    },
    {
      "path": "batch13-ai-control-plane/1-mod/AI_POLICY_LIMITS.md",
      "bytes": 1232,
      "sha256": "470187530a6747aff31a6e64793c5133efb28cb5e5ee9110b8d025d414b76550",
      "kind": "markdown",
      "has_front_matter": true,
      "has_acceptance": true,
      "has_observability": true,
      "has_promotion_gates": true,
      "has_events_namespace": true,
      "manifest_match": true
    },
    {
      "path": "batch13-ai-control-plane/1-mod/CONTROL_SURFACE_CONTRACT.md",
      "bytes": 3409,
      "sha256": "a2c66c8bbbdde36fda883b1a04c2170aa56d3d591e82855ec7d704da3f54019d",
      "kind": "markdown",
      "has_front_matter": true,
      "has_acceptance": true,
      "has_observability": true,
      "has_promotion_gates": true,
      "has_events_namespace": true,
      "manifest_match": true
    },
    {
      "path": "batch13-ai-control-plane/1-mod/LOCALBRAIN_BRIDGE.md",
      "bytes": 1577,
      "sha256": "a96db459c33b917c436bb338ffe216c1435d6319b9cb6d629944d14c2a43eae0",
      "kind": "markdown",
      "has_front_matter": true,
      "has_acceptance": true,
      "has_observability": true,
      "has_promotion_gates": true,
      "has_events_namespace": true,
      "manifest_match": true
    },
    {
      "path": "batch13-ai-control-plane/1-mod/UV_INTENT_SCHEMA.md",
      "bytes": 1909,
      "sha256": "c5a8350a306378b9cb76738686582abf944da7b53914bed4332ea8c469ad8e32",
      "kind": "markdown",
      "has_front_matter": true,
      "has_acceptance": true,
      "has_observability": true,
      "has_promotion_gates": true,
      "has_events_namespace": true,
      "manifest_match": true
    },
    {
      "path": "batch13-ai-control-plane/1-mod/VOICE_HUD_WIDGET.md",
      "bytes": 1319,
      "sha256": "9080b998e6d81a5868172e3f63e0b022fc1309e9a2043d0c959cbfae0ba08d1b",
      "kind": "markdown",
      "has_front_matter": true,
      "has_acceptance": true,
      "has_observability": true,
      "has_promotion_gates": true,
      "has_events_namespace": true,
      "manifest_match": true
    },
    {
      "path": "batch13-ai-control-plane/2-scf/AUTOMATION_RULES_PANEL.md",
      "bytes": 1297,
      "sha256": "7d7349fb7f75c2db0f25b0342975c98893686eb21df5d6d9152641e91ed8ffcd",
      "kind": "markdown",
      "has_front_matter": true,
      "has_acceptance": true,
      "has_observability": true,
      "has_promotion_gates": true,
      "has_events_namespace": true,
      "manifest_match": true
    },
    {
      "path": "batch13-ai-control-plane/2-scf/CONTROL_SURFACE_REGISTRY.md",
      "bytes": 1277,
      "sha256": "e5d4a1138ed56f08a13da33446351f6e92c391fb51f8137d0747c810d3d4a18e",
      "kind": "markdown",
      "has_front_matter": true,
      "has_acceptance": true,
      "has_observability": true,
      "has_promotion_gates": true,
      "has_events_namespace": true,
      "manifest_match": true
    },
    {
      "path": "batch13-ai-control-plane/2-scf/PERMISSIONS_AND_CAPS_PANEL.md",
      "bytes": 1190,
      "sha256": "b72c1d31b71f73188158584d265eb522cc1814d1285a35037e5f87174cbad8eb",
      "kind": "markdown",
      "has_front_matter": true,
      "has_acceptance": true,
      "has_observability": true,
      "has_promotion_gates": true,
      "has_events_namespace": true,
      "manifest_match": true
    },
    {
      "path": "batch13-ai-control-plane/3-cfg/AI_CAPABILITIES_PROFILE.md",
      "bytes": 1220,
      "sha256": "46bb6b479704ba0fa36261cf31310f303ea0adf8218c0c35e539dad87e638cc6",
      "kind": "markdown",
      "has_front_matter": true,
      "has_acceptance": true,
      "has_observability": true,
      "has_promotion_gates": true,
      "has_events_namespace": true,
      "manifest_match": true
    },
    {
      "path": "batch13-ai-control-plane/3-cfg/AI_PRIVACY_AND_LOGGING.md",
      "bytes": 1115,
      "sha256": "2c640c5b0b748acec607b48c28803fe634a17c7bce0dadb76f072883728df63d",
      "kind": "markdown",
      "has_front_matter": true,
      "has_acceptance": true,
      "has_observability": true,
      "has_promotion_gates": true,
      "has_events_namespace": true,
      "manifest_match": true
    },
    {
      "path": "batch13-ai-control-plane/5-ops/INTENT_EVAL_BENCHMARKS.md",
      "bytes": 1211,
      "sha256": "b5512581c9f6a84745f12ccfc4a5b77cf77e41349a115e84118d71d5f3d8f052",
      "kind": "markdown",
      "has_front_matter": true,
      "has_acceptance": true,
      "has_observability": true,
      "has_promotion_gates": true,
      "has_events_namespace": true,
      "manifest_match": true
    },
    {
      "path": "batch13-ai-control-plane/5-ops/SIMULATOR_AND_HARNESS.md",
      "bytes": 1174,
      "sha256": "e28e79b709c9ded8b88d1f4c0ff3ece4adcb3fdf3e58b7306f4dd45f2a3d6e86",
      "kind": "markdown",
      "has_front_matter": true,
      "has_acceptance": true,
      "has_observability": true,
      "has_promotion_gates": true,
      "has_events_namespace": true,
      "manifest_match": true
    },
    {
      "path": "batch13-ai-control-plane/IMPLEMENTATION_REPORT.md",
      "bytes": 2365,
      "sha256": "47a5479d29db38b8cf72b467177fb025b35f8a112027609d87c225014b388bd8",
      "kind": "markdown",
      "has_front_matter": true,
      "has_acceptance": true,
      "has_observability": true,
      "has_promotion_gates": false,
      "has_events_namespace": false,
      "manifest_match": true
    },
    {
      "path": "batch13-ai-control-plane/README.md",
      "bytes": 969,
      "sha256": "1225b81bf5bed82c202557ae098edaefe70aea8537bf5fe4f47918cbaea11cc8",
      "kind": "markdown",
      "has_front_matter": false,
      "has_acceptance": true,
      "has_observability": false,
      "has_promotion_gates": false,
      "has_events_namespace": false,
      "manifest_match": true
    },
    {
      "path": "batch2-io-importers/1-mod/CACHE_AND_STORAGE.md",
      "bytes": 1701,
      "sha256": "40489d86c781429968daf8a07bf6c334d15ec89878de44d0f9b84f7bbcc0507a",
      "kind": "markdown",
      "has_front_matter": true,
      "has_acceptance": true,
      "has_observability": true,
      "has_promotion_gates": true,
      "has_events_namespace": true,
      "manifest_match": true
    },
    {
      "path": "batch2-io-importers/1-mod/IMPORTER_PIPELINE.md",
      "bytes": 2348,
      "sha256": "cd69b6834294f56f40fe60bf0a17576c95be04b8a0f427b2e120036d7f2e6d24",
      "kind": "markdown",
      "has_front_matter": true,
      "has_acceptance": true,
      "has_observability": true,
      "has_promotion_gates": true,
      "has_events_namespace": true,
      "manifest_match": true
    },
    {
      "path": "batch2-io-importers/1-mod/IO_AND_SNIFFERS.md",
      "bytes": 2116,
      "sha256": "af41f8c72bf5f648dbd959b92ebae8bcf513867a4ae8799f4ac17c4f94243970",
      "kind": "markdown",
      "has_front_matter": true,
      "has_acceptance": true,
      "has_observability": true,
      "has_promotion_gates": true,
      "has_events_namespace": true,
      "manifest_match": true
    },
    {
      "path": "batch2-io-importers/1-mod/REALTIME_INGEST.md",
      "bytes": 1416,
      "sha256": "e9ec75e5ef799dede91e87bf00abf1e2adcbeacf2e30c5cebdcf66c1ebce557f",
      "kind": "markdown",
      "has_front_matter": true,
      "has_acceptance": true,
      "has_observability": true,
      "has_promotion_gates": true,
      "has_events_namespace": true,
      "manifest_match": true
    },
    {
      "path": "batch2-io-importers/1-mod/TILE_SOURCE_MANAGER.md",
      "bytes": 1693,
      "sha256": "7bec2e44b56570d143539c0c94d0b32dfbd3f0dc55cd1d5908f0f0abdd52769c",
      "kind": "markdown",
      "has_front_matter": true,
      "has_acceptance": true,
      "has_observability": true,
      "has_promotion_gates": true,
      "has_events_namespace": true,
      "manifest_match": true
    },
    {
      "path": "batch2-io-importers/3-cfg/NETWORK_RULES.md",
      "bytes": 1485,
      "sha256": "320d6f7fb21a3bb3dbb0b305b6a90bd2e81a28d10515879fc0c2bca8bd8ee790",
      "kind": "markdown",
      "has_front_matter": true,
      "has_acceptance": true,
      "has_observability": true,
      "has_promotion_gates": true,
      "has_events_namespace": true,
      "manifest_match": true
    },
    {
      "path": "batch2-io-importers/5-ops/EXTERNAL_TOOLING.md",
      "bytes": 1461,
      "sha256": "820a0b909bff695209d99f3dbef32b3ec95cd52fde771d4af09547ffb45c4d85",
      "kind": "markdown",
      "has_front_matter": true,
      "has_acceptance": true,
      "has_observability": true,
      "has_promotion_gates": true,
      "has_events_namespace": true,
      "manifest_match": true
    },
    {
      "path": "batch2-io-importers/5-ops/SAMPLE_DATASETS.md",
      "bytes": 1673,
      "sha256": "44f33db7af2dfa93004c7264f1a3d8824f59ed559c7c2a67ad843805fc01d334",
      "kind": "markdown",
      "has_front_matter": true,
      "has_acceptance": true,
      "has_observability": true,
      "has_promotion_gates": true,
      "has_events_namespace": true,
      "manifest_match": true
    },
    {
      "path": "batch2-io-importers/IMPLEMENTATION_REPORT.md",
      "bytes": 1768,
      "sha256": "ac3b9c01531b0a36d020d448671a017fbe7a14aaee583e29c1d27963a375f3a3",
      "kind": "markdown",
      "has_front_matter": true,
      "has_acceptance": true,
      "has_observability": true,
      "has_promotion_gates": false,
      "has_events_namespace": false,
      "manifest_match": true
    },
    {
      "path": "batch2-io-importers/README.md",
      "bytes": 649,
      "sha256": "724f840ea38130a3b558217798ec901f786cb834119da95077e4064a8b3ae521",
      "kind": "markdown",
      "has_front_matter": false,
      "has_acceptance": true,
      "has_observability": false,
      "has_promotion_gates": false,
      "has_events_namespace": false,
      "manifest_match": true
    },
    {
      "path": "batch3-maps-globe/1-mod/GLOBE_3D_LAYER.md",
      "bytes": 1808,
      "sha256": "9a5574b9aae793d7eb6e7df63e491ffc231209bdeb92e132179d6c22b09c437d",
      "kind": "markdown",
      "has_front_matter": true,
      "has_acceptance": true,
      "has_observability": true,
      "has_promotion_gates": true,
      "has_events_namespace": true,
      "manifest_match": true
    },
    {
      "path": "batch3-maps-globe/1-mod/MAP_2D_LAYER.md",
      "bytes": 1996,
      "sha256": "898e4eb1e6e3fb353ebc34372260a373ce9f60d85eb130471ba77e9489206f8a",
      "kind": "markdown",
      "has_front_matter": true,
      "has_acceptance": true,
      "has_observability": true,
      "has_promotion_gates": true,
      "has_events_namespace": true,
      "manifest_match": true
    },
    {
      "path": "batch3-maps-globe/1-mod/RASTER_LAYER.md",
      "bytes": 1989,
      "sha256": "2eb1e3f5d3a79ee3c57745488150d03c1c8a5e9ded80f460bb92628829fa0fc2",
      "kind": "markdown",
      "has_front_matter": true,
      "has_acceptance": true,
      "has_observability": true,
      "has_promotion_gates": true,
      "has_events_namespace": true,
      "manifest_match": true
    },
    {
      "path": "batch3-maps-globe/1-mod/TERRAIN_LAYER.md",
      "bytes": 1812,
      "sha256": "3e06584f30d4355ec9318338b7a333f661505ad716120e18c840c25778f908a7",
      "kind": "markdown",
      "has_front_matter": true,
      "has_acceptance": true,
      "has_observability": true,
      "has_promotion_gates": true,
      "has_events_namespace": true,
      "manifest_match": true
    },
    {
      "path": "batch3-maps-globe/1-mod/VECTOR_LAYER.md",
      "bytes": 2079,
      "sha256": "37f5c77d7465259a85a33a1d96cb45f5336404d7f90f6abe0f1a79d6c076667e",
      "kind": "markdown",
      "has_front_matter": true,
      "has_acceptance": true,
      "has_observability": true,
      "has_promotion_gates": true,
      "has_events_namespace": true,
      "manifest_match": true
    },
    {
      "path": "batch3-maps-globe/2-scf/MAP_AND_GLOBE_WINDOW.md",
      "bytes": 1574,
      "sha256": "047b65ac37b42c438b7eb02603cbe713072d7a9121bf58ad57289c16256d9435",
      "kind": "markdown",
      "has_front_matter": true,
      "has_acceptance": true,
      "has_observability": true,
      "has_promotion_gates": true,
      "has_events_namespace": true,
      "manifest_match": true
    },
    {
      "path": "batch3-maps-globe/2-scf/STYLE_PANEL.md",
      "bytes": 1895,
      "sha256": "7af93c37706e94fb8fdebf765eaea0e1440890f27cb4d5f52bc2b9f3468dd388",
      "kind": "markdown",
      "has_front_matter": true,
      "has_acceptance": true,
      "has_observability": true,
      "has_promotion_gates": true,
      "has_events_namespace": true,
      "manifest_match": true
    },
    {
      "path": "batch3-maps-globe/IMPLEMENTATION_REPORT.md",
      "bytes": 1532,
      "sha256": "34a1a47c05b0a2709275fb5528a820fd25036cd454008ceeed8f8bfee8d9abcf",
      "kind": "markdown",
      "has_front_matter": true,
      "has_acceptance": true,
      "has_observability": true,
      "has_promotion_gates": false,
      "has_events_namespace": false,
      "manifest_match": true
    },
    {
      "path": "batch3-maps-globe/README.md",
      "bytes": 621,
      "sha256": "ba5f992b1ae2048dddd74a8e9cae44458ec63cdcb83d23d952055912167ba638",
      "kind": "markdown",
      "has_front_matter": false,
      "has_acceptance": false,
      "has_observability": false,
      "has_promotion_gates": false,
      "has_events_namespace": false,
      "manifest_match": true
    },
    {
      "path": "batch4-geometry-tiles-pointclouds/1-mod/MESH_LAYER.md",
      "bytes": 2400,
      "sha256": "095d6378fb631157a1cb9dabe688732056e5c400e55794eb33b8e0b92746a7ae",
      "kind": "markdown",
      "has_front_matter": true,
      "has_acceptance": true,
      "has_observability": true,
      "has_promotion_gates": true,
      "has_events_namespace": true,
      "manifest_match": true
    },
    {
      "path": "batch4-geometry-tiles-pointclouds/1-mod/POINT_CLOUD_LAYER.md",
      "bytes": 2259,
      "sha256": "5dc4f37db68facabbec1d569c4be2574d245dad71ae8badfca80c17d17713819",
      "kind": "markdown",
      "has_front_matter": true,
      "has_acceptance": true,
      "has_observability": true,
      "has_promotion_gates": true,
      "has_events_namespace": true,
      "manifest_match": true
    },
    {
      "path": "batch4-geometry-tiles-pointclouds/1-mod/TILES_3D_LAYER.md",
      "bytes": 2187,
      "sha256": "bb48798f2fa833a672e468947991a9e228ca04c2e0e21f69291914a2c4eff291",
      "kind": "markdown",
      "has_front_matter": true,
      "has_acceptance": true,
      "has_observability": true,
      "has_promotion_gates": true,
      "has_events_namespace": true,
      "manifest_match": true
    },
    {
      "path": "batch4-geometry-tiles-pointclouds/2-scf/INSPECTOR_PANEL.md",
      "bytes": 1923,
      "sha256": "cbfc8c6848f45a9c885bdc07549b5794c863b4ad52bca1b8d997d4c3102e0170",
      "kind": "markdown",
      "has_front_matter": true,
      "has_acceptance": true,
      "has_observability": true,
      "has_promotion_gates": true,
      "has_events_namespace": true,
      "manifest_match": true
    },
    {
      "path": "batch4-geometry-tiles-pointclouds/2-scf/TRANSFORM_PANEL.md",
      "bytes": 1771,
      "sha256": "3389f95e9f20217a4c5b08a010afe9716d72b0aec65a9e79d85d7481bc3806f1",
      "kind": "markdown",
      "has_front_matter": true,
      "has_acceptance": true,
      "has_observability": true,
      "has_promotion_gates": true,
      "has_events_namespace": true,
      "manifest_match": true
    },
    {
      "path": "batch4-geometry-tiles-pointclouds/IMPLEMENTATION_REPORT.md",
      "bytes": 1876,
      "sha256": "aa2cdeaab62b0825ddb61f726ed6ef5e253c71036a9af1e8d35c4bbf375116f6",
      "kind": "markdown",
      "has_front_matter": true,
      "has_acceptance": true,
      "has_observability": true,
      "has_promotion_gates": false,
      "has_events_namespace": false,
      "manifest_match": true
    },
    {
      "path": "batch4-geometry-tiles-pointclouds/README.md",
      "bytes": 619,
      "sha256": "8af137938cd9d22bdb33811fba356b1eda836b02075dae58297eb4f6cc05ae26",
      "kind": "markdown",
      "has_front_matter": false,
      "has_acceptance": true,
      "has_observability": false,
      "has_promotion_gates": false,
      "has_events_namespace": false,
      "manifest_match": true
    },
    {
      "path": "batch5-data-viz-charts/1-mod/CHART_2D_LAYER.md",
      "bytes": 2167,
      "sha256": "d18ba4719c0acfde9842eba1cc2008a7b48c899e5bf96ae8f4c6fbd33869eda5",
      "kind": "markdown",
      "has_front_matter": true,
      "has_acceptance": true,
      "has_observability": true,
      "has_promotion_gates": true,
      "has_events_namespace": true,
      "manifest_match": true
    },
    {
      "path": "batch5-data-viz-charts/1-mod/LINK_BRUSH_ENGINE.md",
      "bytes": 2070,
      "sha256": "1066a0fdcd13be2a2591bfa3a303447a38044e502dcbe4bfa32aa375805358b9",
      "kind": "markdown",
      "has_front_matter": true,
      "has_acceptance": true,
      "has_observability": true,
      "has_promotion_gates": true,
      "has_events_namespace": true,
      "manifest_match": true
    },
    {
      "path": "batch5-data-viz-charts/1-mod/TABLE_INGEST_ENGINE.md",
      "bytes": 2373,
      "sha256": "828a7b028bee98ebc16ca9462cdcc55579bf6f8c047d22e26fd8fee0529a84f9",
      "kind": "markdown",
      "has_front_matter": true,
      "has_acceptance": true,
      "has_observability": true,
      "has_promotion_gates": true,
      "has_events_namespace": true,
      "manifest_match": true
    },
    {
      "path": "batch5-data-viz-charts/2-scf/CHARTS_OVERLAY.md",
      "bytes": 1617,
      "sha256": "664bb447d1318c806c4ed5e4739ea8177db19b1e13ea77144816c0e68296c826",
      "kind": "markdown",
      "has_front_matter": true,
      "has_acceptance": true,
      "has_observability": true,
      "has_promotion_gates": true,
      "has_events_namespace": true,
      "manifest_match": true
    },
    {
      "path": "batch5-data-viz-charts/2-scf/DATA_PANEL.md",
      "bytes": 1656,
      "sha256": "f88e7c38fc875c3f04d33942c7c8ce0416746f33aa5fc7c80b06f5f28ac9b16d",
      "kind": "markdown",
      "has_front_matter": true,
      "has_acceptance": true,
      "has_observability": true,
      "has_promotion_gates": true,
      "has_events_namespace": true,
      "manifest_match": true
    },
    {
      "path": "batch5-data-viz-charts/IMPLEMENTATION_REPORT.md",
      "bytes": 1745,
      "sha256": "2c57ca5a6748af5fb5a4bce100b7538fdb06ebe1efde08146d582da2dc79637b",
      "kind": "markdown",
      "has_front_matter": true,
      "has_acceptance": true,
      "has_observability": true,
      "has_promotion_gates": false,
      "has_events_namespace": false,
      "manifest_match": true
    },
    {
      "path": "batch5-data-viz-charts/README.md",
      "bytes": 514,
      "sha256": "dfe44b1df465e3cddcdf6503e2f7cd10b893cda238601c355964a86f0567ef7c",
      "kind": "markdown",
      "has_front_matter": false,
      "has_acceptance": true,
      "has_observability": false,
      "has_promotion_gates": false,
      "has_events_namespace": false,
      "manifest_match": true
    },
    {
      "path": "batch6-volume-scientific-mode/1-mod/SCIENTIFIC_MODE_BRIDGE.md",
      "bytes": 2248,
      "sha256": "ebe0525bdcdecc7c8003aacae7daad7535442aea08c09b3a8e26bbb59ae4a274",
      "kind": "markdown",
      "has_front_matter": true,
      "has_acceptance": true,
      "has_observability": true,
      "has_promotion_gates": true,
      "has_events_namespace": true,
      "manifest_match": true
    },
    {
      "path": "batch6-volume-scientific-mode/1-mod/VOLUME_LAYER.md",
      "bytes": 2521,
      "sha256": "da8beab3b3db1a1a7261a40d5062558b0807ffc03704322e5575cc54d5a8187d",
      "kind": "markdown",
      "has_front_matter": true,
      "has_acceptance": true,
      "has_observability": true,
      "has_promotion_gates": true,
      "has_events_namespace": true,
      "manifest_match": true
    },
    {
      "path": "batch6-volume-scientific-mode/2-scf/SCIENTIFIC_MODE_WINDOW.md",
      "bytes": 1954,
      "sha256": "b39ab67892146fca248c1d1ef0c538cb62ec7ee8e5ed03a1d976e2f2cc10e13d",
      "kind": "markdown",
      "has_front_matter": true,
      "has_acceptance": true,
      "has_observability": true,
      "has_promotion_gates": true,
      "has_events_namespace": true,
      "manifest_match": true
    },
    {
      "path": "batch6-volume-scientific-mode/3-cfg/SCIENTIFIC_MODE_LIMITS.md",
      "bytes": 1802,
      "sha256": "9a5086f9aa71ad7c755f367cf84e153d6d8606009ad3893ed31ab1cf1dc1b9b0",
      "kind": "markdown",
      "has_front_matter": true,
      "has_acceptance": true,
      "has_observability": true,
      "has_promotion_gates": true,
      "has_events_namespace": true,
      "manifest_match": true
    },
    {
      "path": "batch6-volume-scientific-mode/IMPLEMENTATION_REPORT.md",
      "bytes": 1741,
      "sha256": "dd270eaac688cfc05a389bdc31502ad381837d7500c0a1574565e1f0f0793f6d",
      "kind": "markdown",
      "has_front_matter": true,
      "has_acceptance": true,
      "has_observability": true,
      "has_promotion_gates": false,
      "has_events_namespace": false,
      "manifest_match": true
    },
    {
      "path": "batch6-volume-scientific-mode/README.md",
      "bytes": 510,
      "sha256": "eb65ea6ec860026e4fd1ae1507d99107df89a3ff538a99d22472364d38b81c77",
      "kind": "markdown",
      "has_front_matter": false,
      "has_acceptance": true,
      "has_observability": false,
      "has_promotion_gates": false,
      "has_events_namespace": false,
      "manifest_match": true
    },
    {
      "path": "batch7-operators-tools-ux/1-mod/CAMERA_PATHS_AND_RECORDING.md",
      "bytes": 1646,
      "sha256": "19557ddce7c1ca5fedb0c467cfb4ab87614a7b7d6843718f736e30a006ddb4b5",
      "kind": "markdown",
      "has_front_matter": true,
      "has_acceptance": true,
      "has_observability": true,
      "has_promotion_gates": true,
      "has_events_namespace": true,
      "manifest_match": true
    },
    {
      "path": "batch7-operators-tools-ux/1-mod/COMPARE_TOOLS.md",
      "bytes": 1544,
      "sha256": "d354f889918ada88498e5c68481e00c3e30f89e5cebffcd62091747b4c41bead",
      "kind": "markdown",
      "has_front_matter": true,
      "has_acceptance": true,
      "has_observability": true,
      "has_promotion_gates": true,
      "has_events_namespace": true,
      "manifest_match": true
    },
    {
      "path": "batch7-operators-tools-ux/1-mod/MEASUREMENT_TOOLS.md",
      "bytes": 1771,
      "sha256": "be0ab929d6a6384adcf94800c284089bed57ec91bd7ba5eb205f907747d8aa25",
      "kind": "markdown",
      "has_front_matter": true,
      "has_acceptance": true,
      "has_observability": true,
      "has_promotion_gates": true,
      "has_events_namespace": true,
      "manifest_match": true
    },
    {
      "path": "batch7-operators-tools-ux/1-mod/OPERATORS_AND_UNDO.md",
      "bytes": 2493,
      "sha256": "f9fc44d60c95cd5b129b6e42fe8000f3dc4c0805795b1e3ace80703950f1066e",
      "kind": "markdown",
      "has_front_matter": true,
      "has_acceptance": true,
      "has_observability": true,
      "has_promotion_gates": true,
      "has_events_namespace": true,
      "manifest_match": true
    },
    {
      "path": "batch7-operators-tools-ux/1-mod/PRESET_SYSTEM.md",
      "bytes": 1539,
      "sha256": "b00bb5f4c8c836b2260a7778170f66892ea0b4af3fa4dec76c8531a1504c0f9b",
      "kind": "markdown",
      "has_front_matter": true,
      "has_acceptance": true,
      "has_observability": true,
      "has_promotion_gates": true,
      "has_events_namespace": true,
      "manifest_match": true
    },
    {
      "path": "batch7-operators-tools-ux/1-mod/SNAP_AND_ALIGN.md",
      "bytes": 1501,
      "sha256": "14d2191a0dabf9c04df5ed8d6b5a5f2c0583800dcce6f7f514de32f27ed849dc",
      "kind": "markdown",
      "has_front_matter": true,
      "has_acceptance": true,
      "has_observability": true,
      "has_promotion_gates": true,
      "has_events_namespace": true,
      "manifest_match": true
    },
    {
      "path": "batch7-operators-tools-ux/2-scf/COMMAND_PALETTE.md",
      "bytes": 1318,
      "sha256": "9493dc3b2488fdbfd7c0b0af02193554341b60523341f0b8d50f58ffd9459219",
      "kind": "markdown",
      "has_front_matter": true,
      "has_acceptance": true,
      "has_observability": true,
      "has_promotion_gates": true,
      "has_events_namespace": true,
      "manifest_match": true
    },
    {
      "path": "batch7-operators-tools-ux/2-scf/LAYERS_PANEL.md",
      "bytes": 1529,
      "sha256": "8dc53468903653d625c88052fcd720fba76c4cab1d304026c884738f0507a29e",
      "kind": "markdown",
      "has_front_matter": true,
      "has_acceptance": true,
      "has_observability": true,
      "has_promotion_gates": true,
      "has_events_namespace": true,
      "manifest_match": true
    },
    {
      "path": "batch7-operators-tools-ux/2-scf/OPERATORS_PANEL.md",
      "bytes": 1364,
      "sha256": "94fc246c22d565375ff124d618e102176ea6a39139e7ff9a5ff061a34b06132e",
      "kind": "markdown",
      "has_front_matter": true,
      "has_acceptance": true,
      "has_observability": true,
      "has_promotion_gates": true,
      "has_events_namespace": true,
      "manifest_match": true
    },
    {
      "path": "batch7-operators-tools-ux/IMPLEMENTATION_REPORT.md",
      "bytes": 1898,
      "sha256": "8bac205b6467f2e4c9048c43926b67b82a0e278e71803b9796855ed3d138162c",
      "kind": "markdown",
      "has_front_matter": true,
      "has_acceptance": true,
      "has_observability": true,
      "has_promotion_gates": false,
      "has_events_namespace": false,
      "manifest_match": true
    },
    {
      "path": "batch7-operators-tools-ux/README.md",
      "bytes": 717,
      "sha256": "02245080e93e4735a88bf7158e0de18ff2d635c22a6172f26ddfa7df6c6ff12a",
      "kind": "markdown",
      "has_front_matter": false,
      "has_acceptance": true,
      "has_observability": false,
      "has_promotion_gates": false,
      "has_events_namespace": false,
      "manifest_match": true
    },
    {
      "path": "batch8-project-export-save-share/1-mod/EXPORT_SUBSYSTEM.md",
      "bytes": 2688,
      "sha256": "347354d4d6ce5040a2569558416df30ef43237229fd0036f7f005caab4c1a180",
      "kind": "markdown",
      "has_front_matter": true,
      "has_acceptance": true,
      "has_observability": true,
      "has_promotion_gates": true,
      "has_events_namespace": true,
      "manifest_match": true
    },
    {
      "path": "batch8-project-export-save-share/1-mod/PROJECT_FORMAT.md",
      "bytes": 2811,
      "sha256": "77559256fb04b29435e85857e6672873d42cc0029ad4dbd5e10fb1c9e37df05f",
      "kind": "markdown",
      "has_front_matter": true,
      "has_acceptance": true,
      "has_observability": true,
      "has_promotion_gates": true,
      "has_events_namespace": true,
      "manifest_match": true
    },
    {
      "path": "batch8-project-export-save-share/1-mod/VIEW_RECIPE_LINKS.md",
      "bytes": 1800,
      "sha256": "9fb1ee45fed8c573328651d952c28eddf1cb2504a9374fc537880e6cc9d6407b",
      "kind": "markdown",
      "has_front_matter": true,
      "has_acceptance": true,
      "has_observability": true,
      "has_promotion_gates": true,
      "has_events_namespace": true,
      "manifest_match": true
    },
    {
      "path": "batch8-project-export-save-share/2-scf/LOGS_AND_PERF_PANEL.md",
      "bytes": 1688,
      "sha256": "1261ba6ac60fce3cb847bc7ca95810251c1829252a3dd5fb5a94006ff104e195",
      "kind": "markdown",
      "has_front_matter": true,
      "has_acceptance": true,
      "has_observability": true,
      "has_promotion_gates": true,
      "has_events_namespace": true,
      "manifest_match": true
    },
    {
      "path": "batch8-project-export-save-share/2-scf/SETTINGS_PANEL.md",
      "bytes": 1673,
      "sha256": "064874f23417f3d753dc763d4852985e3ea5ba39fdf0ab1d18651b3a12933054",
      "kind": "markdown",
      "has_front_matter": true,
      "has_acceptance": true,
      "has_observability": true,
      "has_promotion_gates": true,
      "has_events_namespace": true,
      "manifest_match": true
    },
    {
      "path": "batch8-project-export-save-share/IMPLEMENTATION_REPORT.md",
      "bytes": 1784,
      "sha256": "246caa1bdddfb328f76923dbea772f3385b5a1182f8fad948aaa4e9b7e10a324",
      "kind": "markdown",
      "has_front_matter": true,
      "has_acceptance": true,
      "has_observability": true,
      "has_promotion_gates": false,
      "has_events_namespace": false,
      "manifest_match": true
    },
    {
      "path": "batch8-project-export-save-share/README.md",
      "bytes": 574,
      "sha256": "915e3f252b1a15a2357dbc45c9bb62d8daba7e9b014d246491b2d081ba61ae54",
      "kind": "markdown",
      "has_front_matter": false,
      "has_acceptance": true,
      "has_observability": false,
      "has_promotion_gates": false,
      "has_events_namespace": false,
      "manifest_match": true
    },
    {
      "path": "batch9-observability-security-governance/1-mod/EVENT_BUS_AND_AGENTS.md",
      "bytes": 2485,
      "sha256": "69754bb463e741d0206c2d8caec336f7ef6e8d4f7f9d1b50942d062daf3f1375",
      "kind": "markdown",
      "has_front_matter": true,
      "has_acceptance": true,
      "has_observability": true,
      "has_promotion_gates": true,
      "has_events_namespace": true,
      "manifest_match": true
    },
    {
      "path": "batch9-observability-security-governance/1-mod/PERMISSIONS_SERVICE.md",
      "bytes": 2303,
      "sha256": "66143b14b5d3649039267fb785a1951662ce18f3538d2e497f8ce8896dfa5fad",
      "kind": "markdown",
      "has_front_matter": true,
      "has_acceptance": true,
      "has_observability": true,
      "has_promotion_gates": true,
      "has_events_namespace": true,
      "manifest_match": true
    },
    {
      "path": "batch9-observability-security-governance/1-mod/PROFILER_AND_METRICS.md",
      "bytes": 2067,
      "sha256": "520595763f7da6d4b5444b4698a00c1bc34d81c77fe474a533df253d13139bae",
      "kind": "markdown",
      "has_front_matter": true,
      "has_acceptance": true,
      "has_observability": true,
      "has_promotion_gates": true,
      "has_events_namespace": true,
      "manifest_match": true
    },
    {
      "path": "batch9-observability-security-governance/4-gov/LICENSES_AND_PROVIDERS_POLICY.md",
      "bytes": 2059,
      "sha256": "fab1acd2958d814498e71f978b01ed832babab2bf9a688dcfb301e55937a58da",
      "kind": "markdown",
      "has_front_matter": true,
      "has_acceptance": true,
      "has_observability": true,
      "has_promotion_gates": true,
      "has_events_namespace": true,
      "manifest_match": true
    },
    {
      "path": "batch9-observability-security-governance/4-gov/RISK_REGISTER.md",
      "bytes": 2139,
      "sha256": "a3aef0049fc7821105e8a788061da91aac8c2083f2f3f203745b87ae70af90b3",
      "kind": "markdown",
      "has_front_matter": true,
      "has_acceptance": true,
      "has_observability": true,
      "has_promotion_gates": true,
      "has_events_namespace": true,
      "manifest_match": true
    },
    {
      "path": "batch9-observability-security-governance/IMPLEMENTATION_REPORT.md",
      "bytes": 2061,
      "sha256": "8b573395c51f6ed49ca9e2d5b49b3c4038570008db5c35267b50cb8d0b849ea6",
      "kind": "markdown",
      "has_front_matter": true,
      "has_acceptance": true,
      "has_observability": true,
      "has_promotion_gates": false,
      "has_events_namespace": false,
      "manifest_match": true
    },
    {
      "path": "batch9-observability-security-governance/README.md",
      "bytes": 602,
      "sha256": "e83e95570a02298ae1f6c18ccbeee05005902edab8488ca57eb60d156bc884ab",
      "kind": "markdown",
      "has_front_matter": false,
      "has_acceptance": true,
      "has_observability": true,
      "has_promotion_gates": false,
      "has_events_namespace": false,
      "manifest_match": true
    }
  ]
}